R,G,B,class
67.08715102040816,66.70772789115647,54.48807619047619,with mask
198.26567074829933,191.72064217687074,181.57922176870747,with mask
142.6005395462906,155.98555487431025,162.66006131207848,with mask
189.61433995327104,172.54711594626167,165.72055344626168,with mask
158.99550963785046,138.25169392523364,142.5537456191589,with mask
174.04002628504674,165.7468238901869,161.78984375,with mask
104.3995782194707,94.11586293037907,79.24241519133992,with mask
168.20587559368775,157.470373065727,147.31289259996936,with mask
140.15876264771762,129.3048051672202,121.18250366880359,with mask
171.53371102771362,151.17103781755196,146.92947459584295,with mask
203.58991676401868,191.92849007009346,183.83332359813085,with mask
148.4351242954184,114.29304270848388,52.66274028038734,with mask
77.68569247546347,94.19761723009815,96.99038167938932,with mask
178.1992354096521,170.22255366161616,171.3179310465769,with mask
179.08230870327102,162.3387339369159,154.44644421728972,with mask
111.34252054554992,102.58190898758524,94.68121612169959,with mask
183.99487441588786,170.65996641355142,161.45439544392522,with mask
168.9277849580835,157.34959142883375,165.8628020142523,with mask
189.56292348130842,177.79638580607477,168.34496933411214,with mask
197.73055555555555,195.58075555555556,196.63105555555555,with mask
185.59675087616822,170.63699620327102,164.34153767523364,with mask
120.65033050847458,102.52806779661017,92.83996610169491,with mask
170.97278767523363,158.06914427570092,156.9567026869159,with mask
108.24650895728067,94.46394120349105,83.59456132292145,with mask
140.3026285046729,129.54459696261682,125.23303884345795,with mask
173.4518253504673,155.6332870911215,149.82832213785048,with mask
180.96454439252335,162.04694071261682,155.40472400700935,with mask
153.03348422897196,128.4770882009346,119.55652745327103,with mask
173.30476781542055,157.86483644859814,155.8491457359813,with mask
170.84311855979547,159.54362212287504,156.74826789838338,with mask
182.57839924942263,161.516144630485,155.43312644341802,with mask
146.0814498510427,140.2971201588878,144.3059781529295,with mask
163.23693293885603,148.04985754985756,168.44922017678428,with mask
175.84136974299065,163.69987587616822,160.31616530373833,with mask
144.91941657579062,148.3587840785169,158.9374318429662,with mask
164.53011708280434,152.3395401325998,144.52814219212866,with mask
126.87520061728395,112.48742541152264,89.73106481481481,with mask
160.13555052570092,149.23442610981309,147.13498101635514,with mask
181.18666033878506,171.8188230140187,170.57972400700933,with mask
175.1923773364486,163.0450496495327,157.20865216121496,with mask
143.77121297868328,124.75913978494624,135.79389737785323,with mask
53.09349998009792,42.306173625761254,35.60550093539784,with mask
181.80686236052998,193.4893207374477,196.86677671722455,with mask
162.31145589953272,153.7574547313084,151.76939252336447,with mask
209.12367105680735,182.92863376705807,169.51527292922881,with mask
157.380023364486,144.76078417056075,140.70212470794394,with mask
133.94632376269035,117.94796954314721,113.509081535533,with mask
159.86239495798318,137.35032503567464,116.1078563500872,with mask
206.4011390186916,187.12924941588784,183.3422532126168,with mask
161.02831732632757,136.16271157241914,125.47184059032115,with mask
144.1674731253106,133.77791436716973,123.07878011142208,with mask
165.38250584112149,144.42878212616822,147.82903037383178,with mask
75.3226613643316,67.4605812174977,64.0055613337412,with mask
180.75402124156398,163.51131737502035,149.39175215762904,with mask
170.888663003663,154.87642857142856,145.39247252747253,with mask
157.14959349593497,142.74586555621653,140.5163196510014,with mask
152.04367884367883,128.3085437085437,102.26999306999306,with mask
93.89396460176991,93.38614159292035,84.98053097345132,with mask
137.53435858666242,131.5216457106478,139.23852061117302,with mask
57.99468675654243,43.999147501982556,40.61752577319588,with mask
186.2340258955388,183.6959380265182,167.20970075452348,with mask
156.50999566974596,143.767811778291,141.61786951501153,with mask
104.64260014804869,95.21136531873505,91.68338239597858,with mask
116.68335843373494,108.07558009817046,98.73259705488621,with mask
124.1780303030303,99.17738927738928,86.42380536130536,with mask
165.17579505300353,139.11811142019397,143.02362604315465,with mask
157.3922704965358,138.40101760969978,127.98010248267899,with mask
178.2290920900693,165.53441830254042,147.9027497113164,with mask
189.93278329439252,172.01325934579438,172.83979994158878,with mask
105.42515008404706,101.46425198110943,91.81716161050188,with mask
156.59833333333333,153.88824074074074,152.7708888888889,with mask
146.82867466052568,127.66052568887477,118.21897085682522,with mask
168.01167495854062,178.3622364368633,163.8816678512201,with mask
66.30690846972827,63.31094072779278,57.18864214206261,with mask
155.83883292068643,139.05266939867383,129.37451976436438,with mask
206.2188233889265,200.30131751781235,197.8797317199379,with mask
119.38808431467896,146.57512843823338,130.18114547876277,with mask
155.02040276705827,138.95096904210615,120.0431924077409,with mask
173.89303703703703,157.55474567901234,147.46482962962963,with mask
178.65740362149532,163.5162164135514,165.75652015186915,with mask
46.2012519872814,35.87241653418124,37.51212241653418,with mask
79.01904365574778,81.8186988486614,82.32861700651962,with mask
101.83220499282172,90.99676126582796,85.81711358023011,with mask
170.66260221962617,159.81674211448598,159.04846670560747,with mask
138.2090341564277,120.44912322557558,112.79975346932284,with mask
177.41998393691588,166.37048773364486,164.19550233644858,with mask
158.68440420560748,139.06871349299067,132.9110981308411,with mask
104.94064175674525,98.52280194059068,90.01348199846795,with mask
146.35699317738792,140.75080409356724,121.74556530214424,with mask
176.65781723414625,154.82205789916026,156.29744122154656,with mask
198.04215099299066,192.162332067757,193.1922094042056,with mask
120.74140798226163,115.01407751293422,107.48770094235033,with mask
99.77452931421325,86.72941176470589,89.78490391181349,with mask
129.87509710451977,117.56478460451977,103.36559851694915,with mask
105.18699544270834,93.58405598958333,119.54676106770833,with mask
172.31163113317757,155.03010367990655,148.2858936915888,with mask
167.3500363723683,157.00524044607354,157.5122500723916,with mask
167.54268541797612,121.4912005028284,119.57851717997067,with mask
205.61374853971964,187.59686039719625,179.57070677570093,with mask
188.14410046728972,180.16742114485982,184.22726343457944,with mask
102.46832592592592,87.14192592592593,80.40922469135802,with mask
160.57989042675894,146.7042099192618,136.5038062283737,with mask
130.5702322698741,90.64696132198529,62.646478477381976,with mask
175.95322603926098,169.3302612586605,169.74691108545034,with mask
163.09870035046728,151.15148218457944,147.45812646028037,with mask
89.71069444444444,95.20021825396826,94.16392857142857,with mask
158.9601598971686,137.51113418225734,131.6523507850075,with mask
132.1445354218583,118.02931054942447,107.78232664847118,with mask
204.89209988317756,189.3797824182243,191.52573744158877,with mask
100.86597530864198,93.09315555555555,80.3427950617284,with mask
173.09870092378753,165.8785941108545,161.31739318706698,with mask
140.58297298075698,128.6141395356492,105.89983089829623,with mask
197.59034074074074,183.20618271604937,184.46212345679012,with mask
165.54672248803828,164.20404306220095,154.67649122807018,with mask
165.44281456029836,160.49940531254128,161.43570767807586,with mask
165.65536653037384,155.29310747663553,152.94896320093457,with mask
138.66402525584255,105.0432230862131,100.18628302646354,with mask
172.3295972201623,156.42396056246514,156.91368095429794,with mask
135.2302612586605,123.0157188221709,113.88345121247113,with mask
179.42843896028037,168.29813814252336,166.12777453271028,with mask
179.58189982476637,168.9679906542056,167.94485251168226,with mask
125.08858420268257,109.62541480377546,112.82877297565823,with mask
189.376457852194,181.70783054272516,176.4525837182448,with mask
142.01912091399555,133.9151063154554,122.90655744208188,with mask
155.05798525798525,149.51617526617525,145.64500409500408,with mask
151.16823665669338,141.77959656403823,136.51869896728115,with mask
126.32932626463442,101.20104263309035,97.30607466313232,with mask
117.99202288995835,105.70803170623205,95.51411412625875,with mask
185.66683187946074,164.06360031720857,143.78905630452022,with mask
200.41636244158877,186.19485981308412,182.74080023364485,with mask
166.0938438221709,158.10905023094688,152.6982823325635,with mask
220.2337626367539,207.57724494035256,188.2255722396977,with mask
129.47874803605393,134.4865376664186,137.93726122550237,with mask
196.7327905957944,184.7817245911215,184.393917932243,with mask
157.47317464953272,137.81486565420562,134.07830753504672,with mask
157.73415594281636,146.15464214185408,138.30306867100992,with mask
160.5533174886116,157.95224796989504,157.24006734006733,with mask
163.2031469042056,149.99726927570094,148.07094042056076,with mask
164.84832491431337,144.03296300055433,148.9324422444821,with mask
54.12930674566095,43.434501679953875,35.84168671345355,with mask
116.73481540293767,117.54730051607781,117.917903930131,with mask
177.4527745327103,161.34712324766355,154.12591997663552,with mask
182.33037532515795,164.29238944630248,158.93149758454106,with mask
136.6211572361157,131.43191988067335,118.10785890010267,with mask
175.3190060976821,164.08312312550896,146.20581166703082,with mask
186.04732768691588,175.96523802570093,169.71618720794393,with mask
177.80398656542056,165.2205461448598,161.75870327102803,with mask
102.19571817089368,93.95408260072102,103.40721122425316,with mask
191.41161653037383,177.7676182827103,175.6146320093458,with mask
170.08846296138194,156.51062921540168,142.2055123936367,with mask
131.53235251764028,112.1320501128018,87.58289732635723,with mask
150.82619724025975,141.5152360660173,137.113441896645,with mask
167.89690905842414,161.68149603954498,166.08393385345323,with mask
179.26557389018691,168.52777453271028,166.804074182243,with mask
197.49407095083728,188.19958895692523,184.83242578977476,with mask
135.12624492624494,117.6484555984556,121.9543362043362,with mask
183.32733644859812,167.1321480724299,159.1487879672897,with mask
176.01837032710282,161.41713639018693,152.45874707943926,with mask
96.971074697463,103.4265157564961,104.43089256096812,with mask
105.14190225728687,110.79754273504274,111.53014738110892,with mask
136.89709536968925,134.86204497107298,130.68987455018987,with mask
134.80780160165332,123.49398088349264,130.95261345044347,with mask
154.87870036101083,148.68244417702903,129.2723893568659,with mask
175.09385825635104,164.2112586605081,159.78830109699769,with mask
160.3982672930283,154.24059890159768,141.8222982480029,with mask
134.13060941828255,135.65718242975862,136.36454293628807,with mask
105.54399205561073,91.84208871234691,84.59359483614698,with mask
167.05732002740288,156.47687353009727,163.96007514601916,with mask
106.31065893765528,87.84850053235537,81.1486306636697,with mask
162.03515693324263,135.64055971237002,129.93874259061315,with mask
185.52250292056075,172.08865362149533,173.04512996495328,with mask
123.5740464952257,118.4604248046875,114.24261881510417,with mask
117.70841027362766,113.84883330535504,103.10743662917577,with mask
183.32409280190362,173.53380924053144,169.2578425540353,with mask
194.64878066588784,180.05621349299065,179.23256425233646,with mask
132.8052247244444,146.10926585435448,151.08407748317077,with mask
146.78857830820772,147.88857481853714,144.20034198771637,with mask
145.34667365799305,144.33446286950252,130.6333027462804,with mask
196.46518691588784,183.09272050233645,174.1306074766355,with mask
179.85934134231695,164.86873459471295,171.14959990394868,with mask
193.7241457359813,180.72660630841122,167.00319071261683,with mask
197.4575171205606,193.06633221850612,188.54572782290174,with mask
160.68817172897195,151.3896539135514,149.25999561915887,with mask
139.6711965935335,129.8817479792148,131.47916426096998,with mask
168.06328888888888,171.04406913580246,172.46143209876544,with mask
181.63544830607478,173.08998247663553,172.6405957943925,with mask
171.3496933411215,140.29123101635514,131.4788843457944,with mask
198.065625,187.85554176401868,188.53983644859812,with mask
173.0856163394919,162.31772517321016,158.03355946882218,with mask
126.2567935846076,120.25188384553535,102.52231085052335,with mask
112.20299700299701,93.7926147926148,81.55063455063456,with mask
217.4087469565079,209.9841141647703,206.18046117856744,with mask
173.3101903114187,170.6065570934256,171.40960784313725,with mask
122.25520414031052,109.46768257619321,110.92277170787808,with mask
132.74912996478014,122.31400076716533,107.30803082609756,with mask
214.17666471962616,205.8142012266355,202.43314106308412,with mask
126.21162070034087,117.51619150914162,116.27039820266502,with mask
151.0070531542056,149.7516355140187,141.41488025700934,with mask
155.6943063943571,156.53862277749604,157.14452384245385,with mask
173.48381279205609,160.50205169392524,160.2975832359813,with mask
156.33420597847476,148.73327857912838,149.01332067142343,with mask
108.08145363408521,109.27041810876398,109.81718184349764,with mask
190.46712178738318,178.94468457943924,176.21266063084113,with mask
166.8098325458539,149.7530069001561,148.00931556384234,with mask
146.72733833718246,127.79027136258661,124.72697026558892,with mask
90.36540669433896,75.44328652595013,68.19853395743178,with mask
146.52384338825016,133.87174877852843,143.40128139280682,with mask
177.12427716121496,171.16182096962618,174.63022050233644,with mask
79.34416341145834,87.18804361979167,97.326015625,with mask
169.1999450700357,169.91591137965762,167.2566144832006,with mask
195.01864047897197,183.1914281542056,184.26953125,with mask
172.05799803659838,141.82525019245574,151.93944530372693,with mask
153.46217954899234,152.4271830617277,152.682648464728,with mask
144.60173057077083,128.48467889179963,112.76565849011669,with mask
71.63077530864197,65.23358024691358,62.74313086419753,with mask
160.8171144859813,138.46469042056074,126.74515917056075,with mask
171.13274148780644,148.5659046125813,152.58657683044825,with mask
139.8229449208654,137.70646684384047,127.00472159054586,with mask
188.22771990740742,182.68145833333332,179.06398919753087,with mask
174.07964813119452,156.82842415316642,147.1691278907774,with mask
154.9746495327103,141.67880403037384,139.7982257593458,with mask
175.31977314942333,147.0939183987683,144.01010657457041,with mask
168.28112449799198,153.9339536363275,130.06431667263112,with mask
182.28509053738318,160.1816515771028,150.15230724299064,with mask
194.26205880596422,168.62660004379592,148.04580654151653,with mask
150.08373690060336,134.10211575103207,126.1117418228009,with mask
137.81992509363295,127.84812734082396,120.1191011235955,with mask
173.97301431457925,150.9400737072768,155.7182333020291,with mask
132.27017007394073,123.02034648858162,128.45714402593552,with mask
106.69703060940175,94.43352704692911,76.11672570950921,with mask
131.68237441588786,122.57425525700934,121.9589953271028,with mask
175.54428535752933,146.14614376092567,120.21832598018813,with mask
80.17629166666667,86.58346666666667,105.97197916666667,with mask
136.73670848267622,133.5779569892473,129.9907905217045,with mask
197.46239047897197,183.37316734813083,178.1139675817757,with mask
80.10694954128441,73.11239678899082,67.11980504587156,with mask
181.4265871833085,165.23238946845504,157.77915548931944,with mask
176.71782272196262,162.87099153037383,162.58073890186915,with mask
121.87202472319437,109.00839626696138,98.18181678639405,with mask
171.1468530957944,157.91796875,158.26843603971963,with mask
204.929755749688,186.5564469800519,184.52496979061428,with mask
116.74094386487829,108.29702930948832,105.42567312468952,with mask
122.08758724268928,112.57156992667197,114.36651058691875,with mask
189.60741319444443,190.50889756944446,196.13789496527778,with mask
193.61374123831774,180.00781980140187,177.95698744158878,with mask
189.27196261682244,171.88085572429907,163.57467143691588,with mask
114.68042943925829,108.86630328192459,96.69168757402478,with mask
102.97240302004687,96.23788076021869,86.38479562613902,with mask
111.76406482734117,87.94949370721109,75.2547520463521,with mask
133.98704337500874,131.42980372983166,123.47166538613769,with mask
213.70656731246896,207.06964729259812,201.21675111773473,with mask
181.08132888783044,176.6943915217909,170.41555529094228,with mask
159.83635148274186,159.6282679738562,152.0276022254632,with mask
145.35630795742668,136.56760669816583,142.67786794358398,with mask
199.78516825209547,135.38650050389597,105.711206154905,with mask
152.32573603211776,132.7264832162373,137.00896342143415,with mask
181.22750214776633,176.99532860824743,155.77484249713632,with mask
202.82684725467288,190.99546582943924,179.0444144275701,with mask
73.46084451068057,55.02936910084451,57.64769001490313,with mask
217.41344163083295,211.87300923713968,206.4987060041408,with mask
166.73342579750346,162.15171388943926,158.17491579155933,with mask
185.26490329099306,176.53145207852194,171.09214780600462,with mask
157.1369792534192,138.7372272500139,118.16680917217256,with mask
168.67877453810624,159.82772806004618,151.12548354503465,with mask
177.9089004088785,161.20771028037385,150.48382009345795,with mask
187.70475321261682,179.08169538551402,177.0246422313084,with mask
58.93205214833658,55.274414722365755,60.14531579156564,with mask
73.91012419274715,71.61494287133631,79.75099850968704,with mask
127.78495777873194,116.07610562473164,96.5596941939793,with mask
146.28429735639037,159.0109520969986,165.51152852315644,with mask
171.33341121495326,161.00374561915888,156.35862295560747,with mask
171.87735105140186,156.0649897780374,153.76228825934578,with mask
172.0759887413395,154.407498556582,145.17271218244804,with mask
182.08893107476635,170.85110981308412,168.06464661214955,with mask
143.93776921614182,145.87302092548344,149.05031293146925,with mask
212.8170925817757,202.79764164719626,190.66386536214952,with mask
150.85760073260073,134.99303232998886,124.80313346074216,with mask
192.8410484813084,179.08826664719626,165.40164281542056,with mask
154.58251314252337,134.42629964953272,130.7717581775701,with mask
151.3600317551963,144.63498123556582,138.70676963048498,with mask
201.68334550233644,185.22613171728972,180.06168954439252,with mask
151.2075791304087,133.36921278078833,125.6255705709082,with mask
177.09740070093457,164.92418224299067,159.46699036214955,with mask
149.12976109984223,139.08543059624873,123.67472391255353,with mask
183.27993574766356,169.16926109813085,164.26869158878506,with mask
195.42618333333334,146.8125611111111,177.0296361111111,with mask
156.03644810609293,131.93648083326218,132.40563903355246,with mask
148.8803139806546,131.44614511233868,112.73747243389593,with mask
55.54242063492063,49.95353174603174,45.660853174603176,with mask
183.07458382009347,171.81774240654207,172.3424503504673,with mask
98.46088745151977,92.87825111829795,87.68737841220276,with mask
105.81491767506448,91.06763551225629,89.01924711195359,with mask
146.9302,148.8549,149.80746666666667,with mask
141.99514744307578,149.1348139853179,150.8618265521961,with mask
167.94724737149534,158.91927570093458,156.90148218457944,with mask
158.95208841162133,144.94427333816458,157.44569800382106,with mask
200.3340935334873,184.67329676674365,179.0704676674365,with mask
179.8864174364896,160.04941541570437,152.51612297921477,with mask
177.49056658878504,168.51454439252336,168.7180125584112,with mask
99.74009719899665,92.8877508361204,80.84083228818284,with mask
161.48441108545035,144.503334295612,135.51784786374134,with mask
133.92738947099411,123.07046224124713,109.84727990033223,with mask
88.23117564105111,78.34790553558305,69.80733708066022,with mask
118.74144063586687,103.36252359662195,100.38400397416791,with mask
114.63127430424888,110.29378348834292,108.18169274053366,with mask
164.93868815104167,134.33736653645835,125.74971354166667,with mask
189.9667859228972,172.75709696261683,174.28029351635513,with mask
174.61433148159838,157.60858294930875,161.55618332176,with mask
96.1416805258573,84.07733428367783,79.05654549774293,with mask
119.725248,113.116272,110.697856,with mask
191.65335134345796,176.05812646028036,172.42811039719626,with mask
122.39341279118813,105.28258555377465,88.23495101170175,with mask
128.0638952323251,132.53144162078308,140.54988382079773,with mask
194.17359988452657,178.9946016166282,173.70372401847575,with mask
207.04412237149532,196.96416471962615,193.22894275700935,with mask
147.3766136098131,136.38899678738318,132.74932096962615,with mask
113.293603515625,105.46114773220486,97.64299994574652,with mask
202.17150521609537,161.12113263785395,150.3960655737705,with mask
192.08048401862834,183.92021255423316,191.32637423874536,with mask
172.69443109540637,170.87050176678446,168.93778091872792,with mask
132.7341820639928,106.3954108457263,92.37279555355265,with mask
147.00473544191547,127.31746378953592,136.99719775347324,with mask
206.2257923236184,197.26869326325848,190.527950310559,with mask
72.96516989570759,68.43161623557816,65.27559320021373,with mask
180.3289920899765,146.70423927821037,135.01886355209493,with mask
80.26777768949627,76.56755522008581,73.0235777848403,with mask
160.29903621495328,149.20777599299066,147.84461156542056,with mask
173.33901664398118,166.33632304128759,157.3323303961602,with mask
142.11371612903227,130.84332903225805,120.31627096774193,with mask
136.77779710288965,115.85864784952916,103.25256540860188,with mask
174.82808119158878,161.66148510514017,154.3127847546729,with mask
161.36761828271028,131.89903621495327,121.220480432243,with mask
205.92423248882264,198.63701937406856,193.61106805762543,with mask
156.68829538321063,128.6367060434857,125.66960566113109,with mask
189.97598874133948,185.06171333718245,184.54866483833717,with mask
161.62412673210162,170.60605513856814,152.08737730946882,with mask
191.1372444509346,178.37584696261683,175.54006279205606,with mask
181.7201007593458,168.59910922897197,166.16416471962617,with mask
165.83303154205606,153.55790011682242,151.1033878504673,with mask
137.83090853306123,119.07841297476257,118.98698884758365,with mask
186.55527018229168,169.09640950520833,166.6998828125,with mask
169.02213481524248,158.45583862586605,155.86615906466514,with mask
171.14950629081065,172.97304507087117,173.9017558528428,with mask
169.7485105140187,148.3350832359813,139.3795706775701,with mask
96.43068372913334,89.87654320987654,80.19605430458144,with mask
180.27474018475752,160.56693851039262,154.16436922632795,with mask
157.10282564252336,133.22173627336448,127.20989339953272,with mask
181.42952686915888,167.25938960280374,165.10023364485983,with mask
180.5274544158698,162.68270030290432,153.67581813862327,with mask
170.77215471968685,156.0555636300215,146.05647442978122,with mask
177.63062933025404,160.2120525404157,155.8193345842956,with mask
189.3506957193763,172.6625857191315,156.64779709263087,with mask
131.4836323302469,129.9556423611111,128.51565200617284,with mask
202.95354848130842,190.11565420560748,185.58214077102804,with mask
179.14762943972428,151.4981178182229,152.5147149183211,with mask
133.66418166012485,140.69434419535838,133.16221911962276,with mask
135.9968238901869,122.05465099299066,123.2557754088785,with mask
137.5241428132555,133.61573857640883,134.03015347215728,with mask
147.3542859228972,137.71840683411216,136.96662529205608,with mask
54.2424440483264,49.69863339275104,57.0459100812042,with mask
120.60692057493563,94.3780281121312,85.90380718164707,with mask
192.2402172839506,185.95067654320988,182.05424197530863,with mask
152.60463449593885,131.4143175664915,120.97107421563943,with mask
101.86734037666514,101.25152044097382,102.1900367478181,with mask
235.07289678753182,225.82460639312978,218.99479166666666,with mask
188.99880257009346,166.13940566588786,154.34240654205607,with mask
170.14843879754193,129.3625020760671,133.49948790344905,with mask
147.45959228824273,146.83481352718078,130.67536346396966,with mask
176.47842435747663,167.04729848130842,165.13162237149533,with mask
191.60526114969093,181.5989654307798,182.2847191182723,with mask
187.71158732476636,178.03760221962617,173.90162091121496,with mask
216.48929642445214,215.58792387543252,203.4686216839677,with mask
180.25879778581563,153.1896744669371,157.63386023460762,with mask
151.62553761765255,125.12873215732718,114.85222526958798,with mask
182.99506425233645,171.34917494158879,168.79890478971961,with mask
172.00638872663552,156.23379088785046,151.8050379672897,with mask
152.90992592592593,117.03984197530865,104.60942222222222,with mask
112.90519505924435,118.3573664207467,99.21891068634027,with mask
146.50833413809752,128.1921261870272,125.77483985192339,with mask
139.34991339491916,122.74256639722864,118.21846131639722,with mask
137.33573085485654,124.55737704918033,105.09569847274766,with mask
174.429074182243,166.4744085864486,164.02137120327103,with mask
146.57734375,140.30606398809525,133.13184523809525,with mask
155.51103209876544,102.87506172839507,86.8663901234568,with mask
139.51506587589063,115.81367671058393,84.8567448155077,with mask
116.25282692203646,108.92654060488016,103.06017691933128,with mask
97.08819323057365,91.70852534562212,89.09921738439536,with mask
73.51371635610766,54.705088389871,43.91827918458353,with mask
95.23315588749404,86.84025901795646,83.2746106785317,with mask
192.92515021459226,159.94134886572655,155.40890251379523,with mask
159.51691797128635,126.48192771084338,117.4827213043792,with mask
109.53505062868588,133.75019472571492,137.3658803456845,with mask
66.96389087727671,57.9052334367295,57.656167979002625,with mask
138.04591393520775,124.2665494275766,128.51044911046606,with mask
103.53270952649835,95.89954558898658,106.61042994272808,with mask
118.31268090651031,112.12874493927126,112.30328074828982,with mask
168.51672751168223,157.3046875,155.43007447429906,with mask
204.53145254284465,197.1104616485745,188.2441846594298,with mask
122.61878766478343,86.67674905838041,87.7342631826742,with mask
111.03885017421602,114.83786759581882,118.06143554006968,with mask
145.23813970120787,117.64494596312778,112.66985855054037,with mask
151.83166291539786,153.42011121408711,158.34723288759434,with mask
131.3710712414877,127.93245154531168,119.01415662650602,with mask
154.28596544102874,162.2779619583417,146.89173531578595,with mask
154.5183773914424,154.30082559339525,153.2603794554259,with mask
160.95278654716753,143.10046542506234,135.27019372700244,with mask
100.56427992223297,93.55679631095089,85.81128305831551,with mask
151.73232761969334,131.18932700524752,134.1668608880508,with mask
160.37896466121495,146.2649167640187,137.42164865654206,with mask
164.4040011682243,150.2322941004673,141.33756571261682,with mask
158.56193049065422,152.39161068925233,153.60808265186915,with mask
161.8023318171887,151.20928754444157,134.59240868373487,with mask
144.75250603573153,126.99662642845647,124.485749235474,with mask
138.62514727184936,122.51816513761467,119.72606470304201,with mask
132.63955577015935,117.69354579108321,114.51992274263641,with mask
137.65219378722034,121.71802349911476,118.8741735071624,with mask
146.21443425076453,127.92051504909061,124.71748913568325,with mask
164.24728266627116,148.34327746820065,146.02553128376803,with mask
154.80484635322867,138.17495462282207,136.36699366485158,with mask
183.33140987507437,173.51005353955978,169.29111639896888,with mask
183.3362086059885,173.53601031132263,169.28092405314297,with mask
141.19557283402094,133.14213741669312,122.05871152015233,with mask
183.33140987507437,173.51005353955978,169.29111639896888,with mask
183.33140987507437,173.51005353955978,169.29111639896888,with mask
170.6559587547095,162.17923854848306,158.09422962522308,with mask
204.41164658634537,197.1433655413734,188.22126128275477,with mask
202.38687422959163,195.28207881029067,185.59417869497793,with mask
204.551015944968,197.12233090778957,188.22074436359298,with mask
204.551015944968,197.12233090778957,188.22074436359298,with mask
192.84995619158877,179.06715829439253,165.37216705607477,with mask
189.09212908878504,175.80449766355142,162.38567464953272,with mask
192.84995619158877,179.06715829439253,165.37216705607477,with mask
142.03528641701047,133.89604490637893,122.8775190415741,with mask
192.74149386682242,179.0076956775701,165.288449182243,with mask
192.84995619158877,179.06715829439253,165.37216705607477,with mask
169.00196304849885,158.4570510969977,155.8491339491917,with mask
165.95155889145497,155.90731812933026,153.05015877598152,with mask
157.02605367255757,143.34004951762998,132.27037622015425,with mask
170.0406812942884,156.47465067304134,142.17568086741227,with mask
169.98133128432795,156.48180084806057,142.13633000369958,with mask
169.98133128432795,156.48180084806057,142.13633000369958,with mask
169.98133128432795,156.48180084806057,142.13633000369958,with mask
189.6074045138889,190.5091384548611,196.1372536892361,with mask
142.03528641701047,133.89604490637893,122.8775190415741,with mask
163.66366644965277,164.3763552517361,169.88150390625,with mask
184.76205295138888,185.67501736111112,190.93228298611112,with mask
175.3945876736111,176.06757486979166,181.62121853298612,with mask
176.54778037383178,160.33400992990653,154.77231308411214,with mask
201.59665595794394,185.2012996495327,179.97110835280372,with mask
194.02647488317757,177.67605140186916,172.24274970794391,with mask
201.59665595794394,185.2012996495327,179.97110835280372,with mask
160.91740559895834,131.19069010416666,122.67389322916667,with mask
164.94267578125,134.30520182291667,125.80567057291667,with mask
164.94267578125,134.30520182291667,125.80567057291667,with mask
206.1558731043267,200.276619034351,197.8440273852645,with mask
164.94267578125,134.30520182291667,125.80567057291667,with mask
155.0397624897625,149.46126126126126,145.58419328419328,with mask
155.04438984438985,149.49954954954956,145.63153153153152,with mask
146.06116384345793,135.2771320093458,131.19461156542056,with mask
126.32455461448598,116.68381279205607,113.23327978971963,with mask
147.35670998831776,136.37960718457944,132.73545560747664,with mask
154.01500234411625,161.86834438416716,146.42542361529703,with mask
154.30339561985133,162.2881923514835,146.90280289330923,with mask
154.29621257785814,162.27774429040252,146.8670048891568,with mask
136.80567276136895,142.34719710669077,129.95686826066571,with mask
206.1558731043267,200.276619034351,197.8440273852645,with mask
104.73555185205096,100.79440173467377,98.76632080712507,with mask
111.61649015285917,107.41168037560705,105.43126713617548,with mask
114.60561260147304,110.3290862498432,108.27299607547981,with mask
112.06816837804419,107.91887532928337,105.91210149991936,with mask
114.61227890973603,110.27125781768005,108.17506227263767,with mask
187.45603587962964,181.91823688271606,178.3811689814815,with mask
187.34669945987653,181.41095679012346,177.38491512345678,with mask
187.32375,181.48909143518517,177.44812307098766,with mask
161.22111304012347,156.29757908950617,153.65816165123456,with mask
112.21721981721981,93.76538276538277,81.54052614052614,with mask
206.09803765473868,200.2328543565657,197.79090872905306,with mask
103.45199985199986,87.31571391571391,76.95616235616235,with mask
112.20754800754801,93.77233137233138,81.56417656417656,with mask
112.80532800532801,94.35237355237355,82.05776445776446,with mask
143.76009243538954,124.74226561026221,135.80218826636482,with mask
143.76009243538954,124.74226561026221,135.80218826636482,with mask
143.76009243538954,124.74226561026221,135.80218826636482,with mask
129.68697415581966,112.3525372571213,122.13492737219393,with mask
175.98195093457943,161.39073452102804,152.42424795560748,with mask
170.26588054906543,155.9031980140187,146.99420998831775,with mask
189.6074045138889,190.5091384548611,196.1372536892361,with mask
198.55494964773314,192.63075667714844,190.18083031485094,with mask
158.9949663628472,159.55293077256945,165.07235026041667,with mask
189.6074045138889,190.5091384548611,196.1372536892361,with mask
160.41079147196263,150.4359155957944,144.07956337616824,with mask
155.6732914719626,145.64058119158878,139.27472254672898,with mask
167.3722613758235,155.92858510801287,145.72322659721158,with mask
143.38122414585567,133.81838899954036,124.99760609774782,with mask
146.88566722843572,137.18339206373525,128.26407614524283,with mask
165.46269342730199,154.8104220928451,144.81611000459628,with mask
167.3062662785353,155.75622414585567,145.59169603186763,with mask
172.55960477713978,145.83089320648912,142.21583998982987,with mask
137.30474989491384,124.52790621643081,105.0546214562608,with mask
154.5454725229711,127.86819783743317,125.67836938788483,with mask
116.70085351329892,117.5285232235014,117.87947598253275,with mask
116.70085351329892,117.5285232235014,117.87947598253275,with mask
116.7131401349742,117.49219928543073,117.9495633187773,with mask
116.70085351329892,117.5285232235014,117.87947598253275,with mask
149.38210161662818,142.66037817551964,136.4070005773672,with mask
149.42582996535796,142.72009959584295,136.5067624133949,with mask
189.606806640625,190.50630859375,196.16542100694446,with mask
189.606806640625,190.50630859375,196.16542100694446,with mask
150.93171486922722,137.6312010013835,148.71242341392713,with mask
137.31333582426478,124.56776111967369,105.13170800056047,with mask
158.95090256275117,144.9361453323671,157.37237301535015,with mask
159.54108650169542,126.47995575114831,117.55541928191809,with mask
159.54108650169542,126.47995575114831,117.55541928191809,with mask
133.1371233436741,107.4294543443234,100.05504653343914,with mask
159.54108650169542,126.47995575114831,117.55541928191809,with mask
179.25506209637356,163.7454744162941,155.8884053651267,with mask
167.75451564828614,153.7540784898162,147.06764033780428,with mask
80.10059633027522,73.1013245412844,67.12929472477065,with mask
70.9687385321101,64.35420871559633,59.00131880733945,with mask
82.39127293577981,75.37182339449541,69.98577408256881,with mask
160.3663395199689,134.29901855990673,128.543776115052,with mask
137.31333582426478,124.56776111967369,105.13170800056047,with mask
69.04700114678899,62.45595183486238,57.17731651376147,with mask
82.43704128440368,75.42124426605504,69.90253440366972,with mask
177.3174076212471,160.15205687066975,155.7197603926097,with mask
174.54393042725172,158.3364896073903,153.35143620092379,with mask
174.57420612009238,158.26469399538107,153.3635320438799,with mask
158.55248977803737,138.87794246495326,132.73685747663552,with mask
158.55248977803737,138.87794246495326,132.73685747663552,with mask
176.45527161214955,167.02557681074765,165.10363609813083,with mask
176.50344626168226,167.0411726051402,165.1676839953271,with mask
179.25118127147766,174.47596291523482,154.54593535223367,with mask
137.19331184904956,124.27275699406847,104.84696339887597,with mask
179.18368771477662,174.32274663516608,154.3216727520046,with mask
179.23951174112256,174.4504760882016,154.5427852949599,with mask
181.2367912371134,176.9549148052692,155.7562374713631,with mask
119.03952739197531,117.16670331790124,115.9797087191358,with mask
131.49782793209877,129.89824074074073,128.496668595679,with mask
149.50067118937645,142.61937066974596,136.42738885681294,with mask
151.3335955542725,144.60973585450347,138.67400404157044,with mask
140.60321992684604,128.61951293772037,105.88061666577521,with mask
140.39387530909406,128.9069323469753,107.24968627725274,with mask
140.32920522199228,128.86279721373057,107.21040613209682,with mask
80.10689220183487,73.11264334862385,67.11699541284403,with mask
140.58827232368782,128.62204329168193,105.9765150237195,with mask
171.32427716121495,160.9940347546729,156.36774240654205,with mask
151.97646028037383,142.21177716121494,138.25286214953272,with mask
165.22895005841121,155.00640332943925,150.45509637850466,with mask
202.04942318925234,182.75630110981308,178.46630403037383,with mask
138.64216224018475,128.8918952078522,129.78903002309468,with mask
80.10059633027522,73.1013245412844,67.12929472477065,with mask
139.58255629330253,129.8469904734411,131.33513279445728,with mask
125.09263785394933,109.64834575260805,112.85120715350223,with mask
125.09263785394933,109.64834575260805,112.85120715350223,with mask
167.61395297897195,156.18449912383178,154.42272196261683,with mask
170.64349445093458,159.83612733644858,159.06135367990655,with mask
167.48400262850467,156.22616822429907,154.53845648364486,with mask
67.08134965986395,66.70403265306122,54.49935782312925,with mask
67.10681360544217,66.6946775510204,54.537801360544215,with mask
80.10689220183487,73.11264334862385,67.11699541284403,with mask
67.10681360544217,66.6946775510204,54.537801360544215,with mask
112.21721981721981,93.76538276538277,81.54052614052614,with mask
103.92898212898213,87.85356125356125,77.47535427535428,with mask
106.8996854996855,89.72068672068671,78.67592407592407,with mask
177.0699109228972,164.903460864486,159.421429614486,with mask
177.0699109228972,164.903460864486,159.421429614486,with mask
176.09419628689304,153.4955371310695,141.79036417010474,with mask
80.10689220183487,73.11264334862385,67.11699541284403,with mask
209.14257378609966,182.93464376388448,169.49283957473818,with mask
126.36002123347167,118.6326590097481,114.0502326030306,with mask
151.15069201814498,141.78843161856963,136.54161567416273,with mask
151.1587163401216,141.77898851462214,136.54355757166297,with mask
109.02566283033417,75.99369419361348,53.445586295861226,with mask
130.604968254769,91.21039773423368,63.51012892671572,with mask
111.04394915254237,94.29043220338983,85.07406779661017,with mask
165.6051182827103,155.25803884345794,152.89153037383178,with mask
150.16689544392523,140.3270589953271,138.50544684579438,with mask
171.61214814814815,155.94176790123456,146.2209777777778,with mask
173.8810074074074,157.55036049382716,147.4681086419753,with mask
140.94817718054,147.5871593878313,148.80347144456886,with mask
142.0504541495583,149.07453029737465,150.86761229314422,with mask
121.72128903819834,126.47611048898843,129.42957571233046,with mask
120.65334745762712,102.5308220338983,92.86740677966101,with mask
147.35965549936788,146.6596238938053,130.30363463969658,with mask
192.21601927570094,180.847210864486,172.7897488317757,with mask
105.17630533854167,93.57939453125,119.56530924479166,with mask
137.31333582426478,124.56776111967369,105.13170800056047,with mask
105.64668619791667,94.96608723958333,120.135,with mask
55.46829365079365,49.85781746031746,45.64347222222222,with mask
52.09394841269841,46.92198412698413,43.20464285714286,with mask
55.41585317460317,49.82178571428572,45.54436507936508,with mask
105.45678583250579,91.80364117841775,84.52044025157232,with mask
105.53843098311818,91.8503144654088,84.66507778881166,with mask
106.31810658722277,93.25726580602449,86.63268785170473,with mask
106.42437934458789,93.24344587884806,86.77199602780536,with mask
137.30474989491384,124.52790621643081,105.0546214562608,with mask
191.1410995911215,178.36459550233644,175.5542129088785,with mask
191.09686039719625,178.34374269859813,175.50007301401868,with mask
140.18814224402206,153.40725935009198,159.9916492949111,with mask
123.65458001226241,134.40934396076028,139.76518700183937,with mask
150.1830337187834,125.87600816247206,120.47694101642212,with mask
137.31333582426478,124.56776111967369,105.13170800056047,with mask
140.23041987816327,122.01438896045765,105.45824144631979,with mask
148.8682722330182,131.42136291185398,112.77059542784777,with mask
168.91022893772893,153.47662087912087,143.79358974358973,with mask
202.18438152011922,161.12751117734723,150.36476900149032,with mask
175.49541977148536,138.62169895678093,128.49692995529063,with mask
137.30474989491384,124.52790621643081,105.0546214562608,with mask
177.38503725782414,140.13090909090909,130.00256333830103,with mask
196.87888279445727,181.29824624711316,175.5876371247113,with mask
181.09724307159354,165.18417292147805,159.3471564665127,with mask
146.93321111111112,148.84854444444446,149.80115555555557,with mask
131.74632777777776,133.67237222222224,134.64517777777777,with mask
158.2835990513209,144.34902661571908,156.74125436458266,with mask
158.9526648659332,144.93579122471837,157.50632452730747,with mask
199.78516825209547,135.35432490229334,105.69031290711108,with mask
199.78516825209547,135.35432490229334,105.69031290711108,with mask
199.78516825209547,135.35432490229334,105.69031290711108,with mask
199.81198535014624,135.4125064523265,105.67858810805497,with mask
199.78516825209547,135.35432490229334,105.69031290711108,with mask
100.61719761719762,84.65685425685426,74.55613275613275,with mask
160.94579729861044,135.49723058983577,129.89058400544164,with mask
95.99525659525659,81.01295001295001,71.62721722721723,with mask
112.86051726051726,94.36489436489437,82.15975875975876,with mask
112.21721981721981,93.76538276538277,81.54052614052614,with mask
184.33589369158878,176.9258104556075,180.3554468457944,with mask
188.12917640186916,180.14168370327104,184.22378066588786,with mask
188.12917640186916,180.14168370327104,184.22378066588786,with mask
199.6561331775701,186.2580753504673,187.3213346962617,with mask
199.69878796728972,186.2269640771028,187.38832505841123,with mask
135.34135721049785,127.3906672754329,124.7120028409091,with mask
150.85371854707793,141.52331912878788,137.18271442099567,with mask
157.9288893207657,132.10869691963853,126.56107278204256,with mask
149.97153172348484,140.04535308441558,135.6845238095238,with mask
159.88191691771047,137.33980101474552,116.07517440938639,with mask
142.74260742032664,122.51452750911686,104.5229308704614,with mask
159.86326700491517,137.290589820834,116.04938956714761,with mask
151.73014767344665,137.20929029176452,129.28945587708475,with mask
174.05262110416749,156.8256577638021,147.15010150061696,with mask
165.64614098634718,149.09789834016638,140.12297496318115,with mask
152.83802469135802,117.0731061728395,104.61945679012345,with mask
152.86635061728396,117.01835061728396,104.53517037037037,with mask
150.6302814814815,115.46607407407407,102.76576790123457,with mask
177.01928300233644,171.10900262850467,174.5024167640187,with mask
164.50652419241078,152.35253914515445,144.53957539850472,with mask
145.3247284525321,134.12704894907603,126.66790802651997,with mask
164.50599520383693,152.33629566934687,144.5247213993511,with mask
195.3645905420992,194.5726182237601,184.0692733564014,with mask
216.49599769319494,215.59673010380624,203.57148212226068,with mask
211.72291810841983,209.9821972318339,202.14346597462514,with mask
211.68310265282582,210.74503460207612,198.76492502883505,with mask
161.8803418803419,146.6811125721382,164.80408539703413,with mask
163.2367137847907,148.04053437066258,168.54236978595952,with mask
161.9188034188034,146.43530389363724,164.84990685952224,with mask
174.22072867990653,168.4509199766355,171.32934433411214,with mask
163.20727408868436,148.07853020673534,168.3442362480824,with mask
163.2367137847907,148.04053437066258,168.54236978595952,with mask
163.33375,133.9148828125,125.28067708333333,with mask
164.94267578125,134.30520182291667,125.80567057291667,with mask
164.94267578125,134.30520182291667,125.80567057291667,with mask
180.88360835280375,162.00514748831776,155.3310090537383,with mask
173.41304760514018,154.65806074766354,147.9857257593458,with mask
170.4175890771028,151.88680636682244,145.25538843457943,with mask
129.52717391304347,121.21021104411298,110.62180656934306,with mask
142.03528641701047,133.89604490637893,122.8775190415741,with mask
177.01928300233644,171.10900262850467,174.5024167640187,with mask
146.967481934408,127.69631938378464,118.08584134042722,with mask
146.80111966965774,127.71944731199874,117.87768998650044,with mask
141.6656277296911,123.76022393393156,114.69365917573255,with mask
134.58778686571904,118.3982768204558,109.80187405701581,with mask
176.45527161214955,167.02557681074765,165.10363609813083,with mask
173.1771320093458,163.5426182827103,161.24624707943926,with mask
119.2462806453866,112.73172917976298,105.58025424320738,with mask
134.03524947032665,131.43908174431328,123.56252473749156,with mask
122.80385392609699,104.30044745958429,100.9714058891455,with mask
119.99911229792149,101.56521362586605,98.14841224018475,with mask
177.01928300233644,171.10900262850467,174.5024167640187,with mask
170.79069071261682,156.0713054906542,153.55003650700934,with mask
170.88388580607477,156.07254672897196,153.39854702102804,with mask
157.0541910046729,142.32573744158879,140.15090537383176,with mask
148.38500915750916,132.39770146520146,122.8476098901099,with mask
148.71307692307693,132.74945054945056,123.17813186813187,with mask
168.40162087912088,152.47685897435898,143.04755494505494,with mask
143.21134615384616,127.35104395604395,117.7221978021978,with mask
164.87006177130712,154.19550320773828,137.41480127912288,with mask
175.34419131229268,164.082904641786,146.2234095378076,with mask
139.35201448668178,130.82673940148374,133.60686313958814,with mask
179.45987151974023,163.15706016006783,159.05927920243377,with mask
144.39080402389965,135.77188317569684,136.7033670056504,with mask
181.40282531235934,163.44252717445906,150.97048008294752,with mask
72.3851646090535,61.03302469135802,58.150781893004115,without mask
124.65665223665223,96.73171717171716,79.00888888888889,without mask
109.92666826213554,98.82571496948665,93.8081648119341,without mask
185.33354994158879,157.24258177570093,147.59226781542057,without mask
154.40915595794394,123.3107476635514,123.61536214953271,without mask
112.76750866050808,89.2101977482679,80.4154373556582,without mask
98.09917273089316,81.80577278157924,63.205486767314724,without mask
162.01825111077065,145.4234525815842,132.68450283438025,without mask
141.00587491310728,126.50149165829922,115.58441627404032,without mask
166.30115473441109,135.83123556581987,128.25189809468822,without mask
201.12114485981309,179.58389310747663,166.0839734228972,without mask
148.06715204509322,109.34734968926145,36.960597629715274,without mask
129.73710317460316,75.58837301587302,84.39194444444445,without mask
177.1441147586981,167.80059799382715,167.67282723063974,without mask
170.71385806074767,145.12556950934578,133.74537821261683,without mask
106.99320248295156,95.03794369645043,85.00843678964854,without mask
163.21784576703323,140.56843302187286,146.84167779025503,without mask
185.37759199766356,162.30722838785047,145.1237003504673,without mask
192.48007777777778,188.2346777777778,188.1439,without mask
184.91662529205607,158.33101635514018,148.32318925233645,without mask
117.99775423728813,94.0632033898305,80.82816101694915,without mask
164.12181658878504,143.1953417056075,139.8822210864486,without mask
161.0675890771028,135.2509929906542,128.77145151869158,without mask
134.49716705607477,113.52610981308412,104.26050671728972,without mask
179.06092289719626,150.5416691004673,139.869976635514,without mask
145.3457870911215,110.4527234228972,99.66956775700935,without mask
168.02117406542055,140.83767523364486,134.88896028037382,without mask
169.64921499247833,148.26169742427132,143.0939113361725,without mask
137.82119165839126,123.43132075471698,125.07864945382323,without mask
151.52030827671854,125.58687632405581,146.50399956169187,without mask
165.23966121495326,142.02129088785045,134.51652307242992,without mask
160.40523510514018,133.2209039135514,128.14794830607477,without mask
180.72618679470486,148.43143717447916,109.93501383463541,without mask
162.1213781915644,141.5393144308083,128.87312738044858,without mask
125.97969907407408,110.75203189300412,87.61597736625514,without mask
149.46194509345796,129.23817903037383,124.50462178738317,without mask
173.8409535630841,155.50313960280374,150.85957213785048,without mask
169.64688230140186,146.80002920560747,136.00800963785048,without mask
139.9591114883984,113.6517449537823,122.75719675532919,without mask
50.422381881144766,32.827767384468416,21.476933487242764,without mask
180.4336482304742,191.57705936192468,195.00452296896793,without mask
146.8069582359813,129.73994596962618,125.87258323598131,without mask
208.8197397651539,179.09368057759443,163.86065931450332,without mask
154.283425817757,130.00767377336447,123.09131863317756,without mask
113.13225729695432,81.37971922588832,71.15444559010152,without mask
144.7799201075779,127.74715234931182,105.85162553393451,without mask
158.50257650229904,132.5733510385286,108.01573648327255,without mask
151.32699328271028,123.85013142523364,115.42174357476635,without mask
154.3337496590436,117.95027061171167,105.40702298405041,without mask
161.36420122663552,131.8154643691589,133.91950934579438,without mask
184.05675379672897,164.61406980140188,166.13575496495326,without mask
187.17418954439253,158.83863171728973,130.40541764018693,without mask
164.26961538461538,135.86076007326008,120.14374542124543,without mask
150.2313503866746,128.7638112234781,123.98758675391632,without mask
137.36576576576576,98.22807642807643,61.79271359271359,without mask
82.5926371681416,76.34038938053098,66.16058407079646,without mask
135.17169345853893,125.94538834951456,132.18977797230622,without mask
53.88293021411578,36.02987708168121,31.312470261697065,without mask
185.9199692330232,176.11495952677458,150.80873196102849,without mask
150.02639289838336,125.79452944572748,119.26958718244803,without mask
87.56780113274458,71.02740622148772,64.36082562963728,without mask
111.99894452335859,83.3634752472643,57.32214396569865,without mask
117.81500582750583,87.3479020979021,71.78359557109557,without mask
161.91632208104653,129.10784903390723,130.46052928351253,without mask
154.99271073903003,126.72764145496535,109.8682808891455,without mask
172.68242638568128,150.50892032332564,129.80854503464204,without mask
129.93855359414758,115.51071485368956,105.50679866412214,without mask
150.37075802840576,110.10762689718979,106.58244521191318,without mask
145.01790740740742,137.78235185185184,136.19342592592594,without mask
139.27858731041056,111.6718613515445,97.16886365441118,without mask
122.06268163428116,107.36407345147872,102.17488175964442,without mask
64.37708565072303,60.255462418560306,53.5993564277769,without mask
147.30425595492187,121.25818890691255,108.81996499615812,without mask
202.12576125462724,191.4831827409147,187.4138438880707,without mask
115.60284572612528,139.97382608511808,122.50461954798199,without mask
152.76931652516936,128.9602163908184,105.08582025555269,without mask
173.6218074074074,153.22188641975308,141.20132345679013,without mask
166.11307681074766,142.032367114486,141.78106746495328,without mask
41.402901430842604,29.070488871224164,30.352285373608904,without mask
146.78462324766355,120.92994304906541,111.70013142523365,without mask
48.904207042783824,48.68188573806551,47.31922398589065,without mask
161.69210526315788,144.35625929229855,128.41177520071363,without mask
158.04488901869158,136.92321115654207,133.39085134345794,without mask
135.36039206330273,112.30500218696568,102.28388802735695,without mask
150.4125949182243,122.35682681074766,111.87347400700935,without mask
90.20033478026498,74.3360456209039,60.3945073339575,without mask
130.74624756335282,111.63430799220274,79.59069200779727,without mask
171.20083903637942,138.42018913631517,136.83368293182477,without mask
193.05128504672896,178.76956775700936,176.0622152453271,without mask
174.3880706921944,166.62946304183419,161.98027703697807,without mask
155.5250730140187,143.02344480140187,129.64731308411214,without mask
156.25933524961178,100.73540820035022,66.38189116859947,without mask
105.39252278645833,92.315029296875,118.02143880208334,without mask
170.61047751168223,141.13809871495326,129.99253066588784,without mask
158.89694966487983,135.61263780890027,135.4043265461788,without mask
166.3744657448146,116.98974177666038,112.43056515818144,without mask
207.09490362149532,178.6295706775701,166.6379526869159,without mask
188.35353387850466,170.99577248831775,172.53490070093457,without mask
96.01767901234568,72.76402962962963,62.72011851851852,without mask
164.9428839491917,150.15707996535798,145.43864030023096,without mask
183.39147196261683,144.99552424065422,146.26520882009345,without mask
172.14166426096997,156.43677829099306,152.89103637413396,without mask
86.97113095238095,86.75440476190477,82.59301587301587,without mask
146.23285378307943,115.30535839142318,105.95559039769476,without mask
206.78676255841123,181.02542348130842,181.3177789135514,without mask
85.07555555555555,67.70048395061728,45.91543703703704,without mask
105.29277589184682,73.18170448454529,60.895598832708,without mask
212.59022899551533,188.7172480850895,172.08227169901178,without mask
197.0619061728395,178.79514074074075,178.45985185185185,without mask
152.4524162679426,144.11493620414674,131.17497607655503,without mask
118.07658074805782,103.74365256984102,110.69523331789885,without mask
158.14187333891311,146.4501123298533,143.67328898873765,without mask
156.55590683411214,138.18722984813084,133.009988317757,without mask
184.32875292056076,159.8129745911215,152.90744012850467,without mask
134.36138596379715,90.47954319130453,80.72398669406954,without mask
168.33823477480914,141.43423663933442,140.01964814147792,without mask
150.95432261973616,153.07283318185574,159.55653786480855,without mask
111.17318941084243,101.76318116947074,93.92279241793806,without mask
173.0685163551402,152.09908002336448,147.04632739485982,without mask
176.51125876168226,155.51779351635514,151.92709550233644,without mask
112.00005961251863,87.74148037754595,86.86481867858917,without mask
177.490625,159.30893475750577,147.0055427251732,without mask
141.1053633767058,129.45628371945415,115.96237305617264,without mask
142.73235053235052,126.97014742014743,119.13591318591318,without mask
147.54174886593958,133.47183090435286,125.94816137438471,without mask
122.33010823945217,94.13833885575437,88.77722995361167,without mask
115.8145953815667,99.3080741699357,86.8285881829579,without mask
183.4787470261697,156.72616970658208,133.48481363996828,without mask
149.82950351568232,132.17564868006727,136.64440255973275,without mask
196.07627044392524,170.3052789135514,163.81038259345794,without mask
161.99377886836027,143.3874278290993,132.0202295034642,without mask
218.79854392941223,198.58652343363602,174.2542584129622,without mask
117.89704787893822,118.35695857107417,120.92436120069462,without mask
145.28702318193328,123.14340799742168,111.37497410161376,without mask
155.04686039719627,132.09560455607476,127.62674503504672,without mask
157.3881545560301,129.5911869647026,133.7221489190603,without mask
41.034394321954714,24.728583073222133,14.113282570230025,without mask
112.60383088527193,112.60383088527193,112.60383088527193,without mask
173.24391063084113,147.6879745911215,136.55736711448597,without mask
176.0426755852843,153.60908212560386,146.4387365291713,without mask
135.19700521085562,124.80934854619065,107.15167657826937,without mask
179.0179468457944,158.9612879672897,147.33502482476635,without mask
148.16765974933224,142.71727963838094,141.26994041504005,without mask
191.34707655213984,170.5769419328913,146.25891902752662,without mask
118.63599422956366,101.81613154177901,95.34465517111157,without mask
160.54131784064666,133.11565386836028,109.51279590069284,without mask
97.91373094680918,87.95515780153058,97.01435182257079,without mask
183.27278037383178,158.60682681074766,153.3950569509346,without mask
166.89286832294601,143.06509149378184,127.56207490252996,without mask
124.83216531464504,101.88698219171506,76.00806412902607,without mask
142.46484375,126.45485829274892,118.77420691287878,without mask
144.91378317749587,131.69116391717785,134.02054672145792,without mask
178.21561039719626,150.5705753504673,136.2595867406542,without mask
190.9504700157496,173.13183747554575,166.4375984349288,without mask
125.19611424611425,103.78508068508069,107.72366102366102,without mask
180.58487879672896,154.20093457943926,142.34960572429907,without mask
171.50971816588785,146.11122955607476,131.76868428738317,without mask
79.82180262915412,79.1666257141102,78.69945942625468,without mask
96.07894340346263,97.06276709401709,93.04668666447513,without mask
70.74843315972223,52.122287326388886,37.324717881944444,without mask
212.45718253968255,195.94771825396825,185.49654761904762,without mask
174.26731379907622,149.85454676674365,136.18710306004618,without mask
134.00648124217182,129.75953796298137,123.92296069504364,without mask
148.1884298257343,136.09287337879397,114.23939029281989,without mask
165.00798210161662,144.38577511547345,135.8709151270208,without mask
152.1425086238199,137.8648272966594,122.93622912127815,without mask
85.2282401902497,66.3513079667063,47.48075703527547,without mask
95.88629776410741,65.77311309594226,54.30276233289956,without mask
157.88654163832476,127.29594791565445,119.47019725974152,without mask
109.12055121527777,100.95998942057291,94.23581136067709,without mask
152.71459210500308,131.61149657040067,106.2159362707308,without mask
153.0568925233645,136.26859667056075,134.47001314252336,without mask
181.27168352171327,166.44205829863176,159.50241919492365,without mask
183.74466267523366,158.12449620327104,154.3040011682243,without mask
128.2186638063132,139.4296659515783,143.75079522757775,without mask
138.19622417643774,136.61645903126745,130.84558643914013,without mask
139.01746739201678,133.22081011994496,116.70070131742807,without mask
190.81580023364486,167.13459404205608,152.32516793224298,without mask
173.10568468334853,146.95013101115183,151.71150002471907,without mask
193.88360105140188,171.64449474299064,151.7680417640187,without mask
191.04021340977863,182.00451903169295,175.82533046663482,without mask
151.53215537383178,133.21609228971963,128.97551839953272,without mask
133.22350606235565,112.75903579676674,111.20162384526559,without mask
160.89187160493827,160.89187160493827,160.89187160493827,without mask
164.74499854140117,148.37186593173757,127.93318082019314,without mask
180.2360324182243,163.46026577102805,160.67443779205607,without mask
171.91737003504673,130.99516647196262,117.12987003504674,without mask
197.6536433995327,177.17196261682244,174.3640405957944,without mask
111.82913396472104,99.00078271202601,77.26699018763742,without mask
94.1963813963814,61.658312058312056,42.27152107152107,without mask
215.2865179267652,204.8568325403014,199.47550486163053,without mask
145.7932087182448,106.35069284064664,94.6307808891455,without mask
118.16414606095456,100.02938470385278,100.08959171937896,without mask
168.45211010514018,148.85498685747663,148.44451664719625,without mask
117.4583115388639,92.55424207553091,66.13092024967744,without mask
210.00976197429907,192.55321261682244,185.74745911214953,without mask
104.63402541059808,86.8933374651379,83.04513480012396,without mask
170.04234813084113,147.56702686915887,145.2923043224299,without mask
142.88205602039594,126.934183734579,123.33293123214072,without mask
102.30805187572105,102.30805187572105,102.30805187572105,without mask
191.0741019275701,169.0834988317757,161.99267669392523,without mask
161.92063054855183,134.7900714028434,131.04791264981532,without mask
146.1057973130841,127.74561915887851,117.49675817757009,without mask
136.7295106812933,107.91027713625866,102.24069717090069,without mask
134.11198283141007,123.76083591331269,111.78586757669575,without mask
173.24837908878504,158.91138288551403,161.21699036214955,without mask
72.934765625,79.92356119791667,90.30286458333333,without mask
155.18298544355946,150.4614689187952,143.92682871006133,without mask
194.1116457359813,174.00961594626168,171.4986492406542,without mask
166.30159402786902,124.49294799810723,133.11103813095465,without mask
149.69547339275135,146.29695700687395,146.14595759921755,without mask
185.02339369158878,171.90649094626167,162.812667932243,without mask
141.10792252123522,119.67460506469794,101.20576327697071,without mask
58.28877037037037,42.30145185185185,35.58455308641975,without mask
157.47134199766356,126.02953417056075,109.46531834112149,without mask
164.4347168958479,130.85651630400238,133.61619029458086,without mask
135.37277733636537,130.1411636848498,117.56010666958912,without mask
177.18934799382717,164.23222415123456,158.12490162037037,without mask
158.96051613136575,132.78333695023147,135.0679054542824,without mask
117.21437643020595,100.40720251716247,83.64679633867277,without mask
170.41782430442225,143.2442582494129,130.90839071766908,without mask
151.69023072429906,128.2861273364486,121.76836302570094,without mask
173.0529270928237,135.39865528176225,130.40524468363103,without mask
154.4024613304704,123.54650284305539,90.43816851564675,without mask
191.90968088706626,161.55905480461053,138.43781975991877,without mask
145.60803032708796,125.36686249603049,115.23721816449667,without mask
130.55644194756553,110.78382022471911,97.08393258426966,without mask
161.73148643560629,161.73148643560629,161.73148643560629,without mask
169.4874284982498,135.47719770056062,137.71900167904607,without mask
113.46291201767214,97.05945429071087,99.99684499033555,without mask
99.72843609441547,74.52338494606536,48.87877642001353,without mask
126.55903913551401,109.81793954439253,106.73841997663551,without mask
166.07840133286095,124.33482865268056,126.47195917155797,without mask
122.42308841099164,113.84890232974911,107.3070987654321,without mask
190.3332359813084,164.05031396028036,155.0565566588785,without mask
182.25963238946846,159.3082960755092,149.06012916045702,without mask
165.5848495911215,139.84227511682244,136.95221962616822,without mask
105.16253760668017,80.40272917050409,63.493762919301695,without mask
164.2827061728395,146.57724444444443,132.16487901234566,without mask
200.10237515104694,158.50557635546048,149.38557080881915,without mask
133.20238618064704,111.6849290001464,108.52027521592738,without mask
112.85267759562842,100.35817188276205,95.85692995529061,without mask
75.91578079522317,70.18467765105618,74.34720747504778,without mask
117.74392319698443,105.81742203374857,106.83125717819595,without mask
188.85299913194444,186.92048502604166,190.5441796875,without mask
91.01623769437475,71.70731396696425,48.99743380751646,without mask
85.79198125488153,70.5725852642541,52.853736006248376,without mask
187.02601760969978,155.5728853926097,115.23796189376444,without mask
167.6132722286374,133.8301963048499,119.77813943418013,without mask
106.73053061670699,77.01145137266155,60.15063064540374,without mask
170.9241019275701,152.44994158878504,147.1465683411215,without mask
130.9241810435147,123.5609764615492,113.08261740122465,without mask
212.70831594634873,203.4984997516145,196.32570293094884,without mask
162.19283002336448,135.42676693925233,135.89661945093457,without mask
154.86895694917087,150.9089963809215,141.0497420731378,without mask
198.98648083966276,130.80512744881153,98.25243959393359,without mask
188.20211740654204,160.27892085280374,142.90498685747664,without mask
156.1278840537383,133.30489193925234,121.37617552570093,without mask
82.72512393416618,68.6232004759072,58.99192940709895,without mask
150.10438970670236,123.62799013047842,125.48143191702911,without mask
175.09378579610538,164.53990370847652,140.98516251431843,without mask
203.6991968457944,182.84278621495326,165.094363317757,without mask
215.26297977384934,202.33653846153845,192.08514492753622,without mask
165.41329502674856,156.30049534376857,149.81323558549633,without mask
171.1274897780374,151.7391063084112,146.9362660630841,without mask
57.31110139512699,51.94455264517668,56.03199650224572,without mask
69.5982911077993,65.86710382513661,73.96457029309488,without mask
122.93200467534946,107.87844091407852,86.44994275082296,without mask
140.31152852315643,151.27334525939176,156.3654740608229,without mask
129.59096420323326,110.33000144341801,93.56425375288684,without mask
188.82455202455202,143.4819918819919,148.03053163053164,without mask
160.7189836448598,143.28862441588785,135.75083235981307,without mask
167.9881352219626,141.8338566004673,136.32020297897196,without mask
172.647394630485,147.2975606235566,132.41138856812933,without mask
169.0685601635514,143.89910922897195,135.33777015186917,without mask
139.83169082205484,139.75446247716056,140.9302869709722,without mask
210.33225029205607,191.41909316588786,173.3403402453271,without mask
137.2463569039656,111.5715679248288,97.07019429845516,without mask
150.093304614486,120.19935017523365,115.63733206775701,without mask
145.36983978060047,128.2743937644342,115.72681148960739,without mask
198.83689398364487,172.17640917056076,163.74279351635514,without mask
73.33459796599396,52.4624185603051,47.03281423804227,without mask
169.93192903037382,146.35946261682244,134.9339515186916,without mask
133.2707472516465,113.22112037663085,91.44013722986001,without mask
179.03157126168225,153.18701080607477,142.70830899532712,without mask
195.21094166666666,141.45842777777779,171.37130833333333,without mask
131.48242453358955,111.76476899671711,95.67533029065578,without mask
145.65412362332452,111.60524630752155,109.63722644355275,without mask
144.26411057009977,120.70720976440533,98.20997183344615,without mask
46.98150793650794,38.752698412698415,32.48162698412698,without mask
183.08625876168225,160.97096232476636,160.14301255841121,without mask
93.21257574067879,86.04599581180378,80.15803006084036,without mask
100.13780579495054,80.9226221526691,77.16758873533323,without mask
179.387577092511,161.30473568281937,157.30229441997062,without mask
126.42783376881921,125.1027124548961,124.12685081498071,without mask
167.79515619807245,140.69089398471252,108.18940677966101,without mask
155.43552132009347,137.0378796728972,131.01205461448598,without mask
155.29225410106068,136.9484649845181,148.3460537584821,without mask
190.86096275981524,163.3966151847575,152.53537817551964,without mask
172.29291281755195,140.64622546189378,126.68127886836028,without mask
165.54217289719625,148.37198452102803,145.39317318925234,without mask
160.37105946882218,132.10362297921478,115.95738308314088,without mask
118.334166560184,92.71056414515716,69.88313793764375,without mask
82.63819095477388,68.71195900450871,58.00746817089399,without mask
116.85714853452558,100.47217088922007,96.94362642821659,without mask
109.26984212318334,99.71764958873179,95.38480010035303,without mask
81.09252813551456,65.7648219050934,54.31903353057199,without mask
164.17840494791668,127.75756184895833,115.89082682291667,without mask
184.4261390186916,158.665625,158.33894567757008,without mask
173.239469572628,153.35264108957767,156.2946941480967,without mask
92.97934980597132,78.38067236873367,71.26910588421636,without mask
141.49034542792702,112.55141850987219,99.41936058243975,without mask
189.6372444509346,162.9292786214953,155.79168370327102,without mask
111.6100660006347,82.89605402170027,56.74907305864536,without mask
111.11150540283224,106.84525196572547,112.09898201719052,without mask
179.4430715935335,153.7473441108545,143.13080254041571,without mask
143.70120473130842,122.94334112149532,114.61477803738318,without mask
107.99727918836805,93.19994167751736,80.42472737630209,without mask
201.10165921510185,155.9175558867362,143.2207252856433,without mask
128.11933486238533,119.93383027522935,112.3609633027523,without mask
189.07515026071727,177.0838872746089,183.84743064124507,without mask
163.60795759717314,159.0377667844523,156.51147703180212,without mask
190.84765625,162.320144567757,147.14395443925233,without mask
127.74232386961094,93.56182214210605,73.47627309598919,without mask
142.16180313331364,116.6286373041679,127.15672480047296,without mask
204.46946169772258,193.1328834209269,185.348303870043,without mask
69.72775128139162,58.972254655557975,52.753755120619026,without mask
177.82344580397972,141.58429118773947,129.0662000988753,without mask
58.49858970284443,39.70830684887971,25.47584617829334,without mask
156.5191734813084,137.2078344042056,133.24489632009346,without mask
170.6681280894047,158.86297012679992,145.68004393819996,without mask
134.6372,119.02629677419355,106.03847741935483,without mask
134.3488707232837,111.53507093696425,98.01113126444207,without mask
169.97538697429906,145.11601197429906,131.86452978971963,without mask
150.2950788551402,110.98878504672898,94.78133031542056,without mask
198.35147540983607,180.2275608544461,171.01273720814706,without mask
147.1539833361867,109.55216001826172,103.11259487530674,without mask
186.32000577367205,173.6147806004619,169.39188799076211,without mask
154.48555860277136,152.93941252886836,128.93459151270207,without mask
183.0406761098131,160.35263580607477,154.74856162383176,without mask
182.32127628504674,158.28410484813085,151.8021320093458,without mask
154.83990946261682,132.98850029205607,127.26567610981309,without mask
122.83167557385354,89.7578933848975,85.05318268414331,without mask
182.47144856770834,158.7429296875,153.95261393229165,without mask
167.70970698614317,149.0421333718245,142.0145207852194,without mask
162.2785077241599,162.2785077241599,162.2785077241599,without mask
165.19594772196263,135.62981892523365,121.88736127336449,without mask
83.82779623477298,69.50352733686067,52.67169107091588,without mask
173.1005629330254,142.32166570438798,130.87126154734412,without mask
158.03485689252335,125.1675890771028,113.14875146028038,without mask
150.1525086934923,133.15276701440635,128.56552409339295,without mask
173.97718311915887,150.7463785046729,146.3888726635514,without mask
171.74727534596425,145.40425847835124,132.28397279800438,without mask
169.83473765432097,142.53446180555557,150.90143132716048,without mask
153.1182754088785,125.22488317757009,114.22586886682242,without mask
147.3661511927601,121.39036974594501,105.41060597252098,without mask
176.39604212132127,135.32331150991234,135.49136597665105,without mask
130.84281236005373,135.82381918284554,126.20031084534128,without mask
133.40846232476636,108.95811185747664,108.62266355140187,without mask
119.54670281966688,106.13325630785259,103.34573310003073,without mask
48.85884333531392,40.34672212319271,46.983858189740545,without mask
112.99634354784038,77.27677251386496,64.25080953995052,without mask
147.6255175983437,114.8882783882784,98.08751393534003,without mask
235.69235050890586,221.53848600508906,212.3046875,without mask
185.28002336448597,151.46465391355142,136.77025408878504,without mask
164.46973094170403,114.49306593589105,115.73449869899795,without mask
143.39469026548673,139.1486251580278,120.74070796460177,without mask
173.39578786787297,131.58507956014154,136.54763367728174,without mask
102.33502572016461,92.0307433127572,80.30321502057613,without mask
163.0436112733645,142.23179760514017,136.95500876168225,without mask
189.66232598196862,171.65821059861113,169.99204722606808,without mask
123.83860590328779,117.92624983746454,112.60136674259681,without mask
174.588726635514,157.2052789135514,149.8917348130841,without mask
123.05274373382939,110.07566200385968,109.87855559981591,without mask
173.88315581223398,139.09420275374194,140.92037529226036,without mask
142.00144923019386,107.71493797918095,95.08195162999439,without mask
233.0448595906711,212.15629462160877,198.68312708234174,without mask
179.82017377336447,157.75020443925234,151.66169684579438,without mask
164.81277015186916,138.44241384345796,130.1254745911215,without mask
145.7731780278542,104.96430019394923,114.00306812329472,without mask
138.99595061728394,92.76207407407408,77.71344197530864,without mask
110.90758492145004,108.29740575906273,93.55256951576705,without mask
120.33282026963306,89.68724681712963,71.84314986282578,without mask
136.8724379330254,110.40912961893764,100.43737009237876,without mask
141.58026413690476,130.71768973214284,121.17133556547618,without mask
152.4191209876543,94.57493333333333,76.35363950617284,without mask
103.87437104366174,90.08736406427528,80.67175242114375,without mask
82.87122596535833,57.715596694740185,46.97727633878913,without mask
80.92698236135388,51.59073573812172,38.8734506594629,without mask
152.46035639564246,110.98509006084217,97.84082437534569,without mask
94.73964244649679,113.88364674900782,115.75347724490932,without mask
129.52844460452994,106.81128744058591,109.36057376528169,without mask
94.77163829958862,78.1579145492189,89.89100857734398,without mask
162.32564252336448,140.59542202102804,135.09013580607476,without mask
193.6256135121709,177.46048683556882,167.77842026825633,without mask
202.36234045091257,183.47373653027952,168.44564396198655,without mask
116.52931026365349,76.42991290018833,75.6544868173258,without mask
128.15149528067562,112.83175360158967,96.1718430203676,without mask
149.60004380841121,123.37031980140186,119.4472546728972,without mask
142.7905673871583,111.2977590591227,104.31387078830261,without mask
142.90419700781146,135.52638024625978,137.96316033364226,without mask
116.57727867993714,104.42928234677842,88.48029072812992,without mask
149.32613354765255,154.15452749313508,137.83885875025115,without mask
140.70090537383177,110.37002044392523,88.88073890186917,without mask
129.03336111772643,125.32811383662776,121.734520123839,without mask
149.74436228291347,122.25483258116688,112.9308571872506,without mask
92.6699053313403,74.45438025733462,61.32137030198228,without mask
146.4586520329682,114.28627525760818,114.34899110819191,without mask
101.44499308239111,87.82845522637278,70.17693573779877,without mask
112.17888848867513,89.83114745993743,92.17131738599205,without mask
129.09667987372077,106.42129796385363,108.9322132056416,without mask
128.91514291162574,107.82454393287709,109.93387291565142,without mask
141.43289281050923,112.54635381632572,99.41146678273256,without mask
141.43289281050923,112.54635381632572,99.41146678273256,without mask
141.43289281050923,112.54635381632572,99.41146678273256,without mask
134.42522634345795,113.49626168224299,104.24050087616823,without mask
134.42522634345795,113.49626168224299,104.24050087616823,without mask
190.66128066588786,167.00424211448598,152.25774678738318,without mask
169.0426109813084,145.58968311915888,130.77319655373833,without mask
190.7351343457944,167.05306658878504,152.21050671728972,without mask
178.39850321261682,154.9572429906542,140.1836156542056,without mask
148.75907564252336,130.86329585280373,126.6284097546729,without mask
140.5452175817757,122.34358206775701,118.21675671728973,without mask
151.45622079439252,133.17174357476637,128.91262412383176,without mask
142.52515332943926,124.30056950934579,120.13161507009346,without mask
127.72982783243415,115.98230720406221,102.97834020945731,without mask
148.84888288551403,130.8619596962617,126.74323160046728,without mask
200.8924722546729,179.5415230724299,165.9919246495327,without mask
195.78019129672896,176.4896539135514,163.36672751168226,without mask
186.49890478971963,165.1458308995327,151.5997371495327,without mask
201.0503066588785,179.51255110981307,165.9840902453271,without mask
165.26629672897195,140.33542640186917,129.40714807242992,without mask
169.55373101635513,146.10756425233646,135.2696261682243,without mask
169.58609082943926,146.12692026869158,135.30313960280372,without mask
115.0552396073903,96.02441541570438,81.88349451501155,without mask
129.48973729792147,110.23694428406466,93.54651414549653,without mask
165.02664281542056,135.60776869158877,121.88994596962617,without mask
125.799271073903,106.64279012702079,90.27456697459584,without mask
127.45381062355658,109.63064376443418,94.87863741339491,without mask
124.1731668591224,105.07123267898383,88.94766166281755,without mask
102.31757458847737,92.02747685185186,80.27201646090535,without mask
102.31757458847737,92.02747685185186,80.27201646090535,without mask
94.5417361111111,85.25822016460906,74.72964506172839,without mask
102.31757458847737,92.02747685185186,80.27201646090535,without mask
209.9792129088785,192.5019421728972,185.69978825934578,without mask
209.9792129088785,192.5019421728972,185.69978825934578,without mask
175.76492406542056,158.89042056074766,152.46655227803737,without mask
165.14850321261682,135.64128212616822,121.87217435747664,without mask
204.86336156542055,187.91498977803738,181.11433995327104,without mask
209.97435017523364,192.54729848130842,185.70790011682243,without mask
117.93228313900603,118.31770445712395,121.0686678243612,without mask
117.93228313900603,118.31770445712395,121.0686678243612,without mask
117.93228313900603,118.31770445712395,121.0686678243612,without mask
117.93228313900603,118.31770445712395,121.0686678243612,without mask
144.28926395772834,120.69067010196729,98.21151116836612,without mask
123.79381645887464,99.97556715212123,82.01217275486364,without mask
144.28926395772834,120.69067010196729,98.21151116836612,without mask
58.89208247258859,54.8930160495789,48.531721754330206,without mask
64.19517718099476,60.225508501509616,53.451712219926904,without mask
64.19517718099476,60.225508501509616,53.451712219926904,without mask
172.92659900700934,152.0578855140187,146.98614193925235,without mask
169.50174503504672,149.94602803738317,144.50938960280374,without mask
186.84172199769054,155.58736287528868,115.23195005773673,without mask
186.84172199769054,155.58736287528868,115.23195005773673,without mask
186.63657621247114,155.6596564665127,115.36640444572748,without mask
135.08974451501155,110.4732606812933,100.93298210161663,without mask
187.58663843457944,162.61015625,162.7552570093458,without mask
136.72171622401848,110.31047199769053,100.27598874133949,without mask
135.06768187066976,110.58485854503465,100.93670612009238,without mask
150.26662529205606,110.98647050233645,94.81980870327102,without mask
150.25940420560747,110.94296875,94.69188084112149,without mask
149.45728679906543,111.31886682242991,95.14058849299066,without mask
149.482644567757,111.20167202102803,95.10091267523364,without mask
111.20789362600253,101.71991396811997,93.94691350579912,without mask
111.20141108363987,101.7342660153973,93.92941566664656,without mask
111.20789362600253,101.71991396811997,93.94691350579912,without mask
200.58417056074765,178.81750146028037,178.46709988317758,without mask
157.97550379672896,125.16094480140187,113.25855724299065,without mask
157.92327686915888,125.00980578271027,113.13379088785047,without mask
155.36185017523366,125.13973422897196,113.39193925233644,without mask
157.97550379672896,125.16094480140187,113.25855724299065,without mask
156.4070531542056,138.1585426401869,132.95219772196262,without mask
154.21362441588786,136.7430125584112,131.49126022196262,without mask
154.21504088785048,136.63917202102803,131.45102949766354,without mask
109.46754421657987,101.32127821180555,94.75562608506945,without mask
109.14506157769097,100.9135999891493,94.29645589192708,without mask
109.47469482421874,101.41255018446181,94.7550306532118,without mask
206.70496495327103,181.01379234813083,181.21698306074765,without mask
109.47015923394098,101.42076416015625,94.78868950737848,without mask
109.482470703125,101.43551432291666,94.7318115234375,without mask
137.87640516385304,123.53755710029792,125.08726911618669,without mask
137.87640516385304,123.53755710029792,125.08726911618669,without mask
126.47710280373832,109.82378066588785,106.61128796728973,without mask
118.89627628504672,102.41524532710281,99.17366384345794,without mask
125.56529643691589,110.08422897196262,107.07794246495327,without mask
149.92258949191685,125.7857606812933,119.16196593533488,without mask
149.85609122401848,125.69295612009238,119.0679272517321,without mask
149.92258949191685,125.7857606812933,119.16196593533488,without mask
206.57275846962617,181.01553738317756,181.26644275700934,without mask
126.79979556074767,108.97228387850467,102.60016063084112,without mask
155.29162529205607,136.97808119158879,130.81421582943926,without mask
140.36196699766356,122.35313230140187,116.18361565420561,without mask
155.36646466121496,137.06075496495328,130.9202905957944,without mask
144.26821908562127,130.9961288785659,132.91298910130428,without mask
144.05768963532051,131.0852043753598,132.7461139896373,without mask
144.96335338375718,131.57796835606376,134.26152899370695,without mask
144.8880749607925,131.66239850713677,134.08131340202092,without mask
123.01273197843615,107.83464529364058,86.46409999522923,without mask
206.57275846962617,181.01553738317756,181.26644275700934,without mask
137.8403435846753,113.91232583376936,98.28644652442688,without mask
145.39543728077825,119.81794663100983,105.07528632056275,without mask
70.74300347222223,52.080234375,37.28832899305556,without mask
70.74300347222223,52.080234375,37.28832899305556,without mask
70.73981770833333,52.0980859375,37.35518663194444,without mask
70.74300347222223,52.080234375,37.28832899305556,without mask
211.48976200367974,191.57489069578807,167.61708904583853,without mask
218.2190832294696,198.15761568441252,173.73503867687498,without mask
218.78750469859733,198.56155657111202,174.25020278156964,without mask
218.78750469859733,198.56155657111202,174.25020278156964,without mask
117.85751748251748,87.32791375291376,71.83420745920746,without mask
184.2399548934655,165.251112825687,142.90933190891644,without mask
148.19727236261534,136.04063823149264,114.24536257075367,without mask
143.341863359462,120.40003056835302,98.21695888556519,without mask
121.87398196467171,99.56751239110024,80.47756501233651,without mask
144.28926395772834,120.69067010196729,98.21151116836612,without mask
184.4106819509346,158.69279351635515,158.27067757009345,without mask
117.85751748251748,87.32791375291376,71.83420745920746,without mask
161.61297459112149,137.62912529205607,136.45331483644858,without mask
184.4408148364486,158.71535484813083,158.24769275700933,without mask
160.62600759345796,136.95725029205607,135.86222984813085,without mask
183.03317026869158,157.98225029205608,156.87335718457945,without mask
148.159710864486,124.14480870327102,120.43714953271028,without mask
132.52418224299066,107.55243136682243,103.73965391355141,without mask
149.52897196261682,123.41647196261682,119.50617698598131,without mask
148.32010806074766,124.22895005841121,120.54633469626168,without mask
206.82110105140188,178.57907418224298,166.55467289719627,without mask
118.38062354312355,88.53359557109557,74.05670163170163,without mask
206.82110105140188,178.57907418224298,166.55467289719627,without mask
206.82110105140188,178.57907418224298,166.55467289719627,without mask
183.20500876168225,157.32842435747665,145.96727511682244,without mask
127.92757650115473,113.0955109699769,107.80886980369515,without mask
164.85104647806006,150.0007722286374,144.91664260969978,without mask
151.17329877336448,123.82397050233645,115.38945677570094,without mask
151.17329877336448,123.82397050233645,115.38945677570094,without mask
137.33654093654093,98.24942084942084,61.98249678249678,without mask
137.33654093654093,98.24942084942084,61.98249678249678,without mask
193.8331191588785,171.6167859228972,151.75832359813083,without mask
171.63085572429907,149.85885660046728,130.8263288551402,without mask
193.6516136098131,171.59589661214955,151.7237660630841,without mask
193.6516136098131,171.59589661214955,151.7237660630841,without mask
190.7746933411215,162.3253285630841,147.09691150700934,without mask
190.51754526869158,162.300335864486,147.10251168224298,without mask
190.51754526869158,162.300335864486,147.10251168224298,without mask
130.23210883371826,106.49494081986143,99.5781971709007,without mask
117.83047785547785,87.34938811188812,71.72004662004662,without mask
143.4177623261694,139.14840391908976,120.75896017699115,without mask
143.48226927939317,139.3706542351454,120.94766118836915,without mask
136.9274178255373,132.41207332490518,114.75357142857143,without mask
147.1473206642698,109.52879073218057,103.13030017691035,without mask
147.14963191234378,109.53539633624379,103.10337841693774,without mask
146.9531900930206,110.05775266792216,103.39860469097758,without mask
147.020644296068,109.97079552588028,103.40533869771158,without mask
147.88412882021905,149.95888989873953,156.15189071580048,without mask
148.07301220083176,149.94354016910407,156.04680657688178,without mask
87.06345104794717,72.90714080636562,56.34051105368935,without mask
86.68787170337558,72.87922972806693,56.406074402198435,without mask
78.80166933267708,65.3673352200484,49.20698494729503,without mask
140.2258199165176,151.21932021466904,156.71574239713775,without mask
140.56058437686346,151.31643808387994,156.3828463526138,without mask
140.36096203538065,151.3964818127609,156.33396938978333,without mask
164.7434433411215,138.43108936915888,130.0976270443925,without mask
135.17939678050482,124.81049144761056,107.19841930922263,without mask
164.6561550817757,138.41710718457944,130.10213200934578,without mask
164.6561550817757,138.41710718457944,130.10213200934578,without mask
164.7434433411215,138.43108936915888,130.0976270443925,without mask
149.52897196261682,123.41647196261682,119.50617698598131,without mask
149.50446115654205,123.38360105140187,119.4513726635514,without mask
149.50446115654205,123.38360105140187,119.4513726635514,without mask
165.36504088785045,139.6525554906542,136.8291471962617,without mask
165.50654205607478,139.80768837616822,136.93003066588784,without mask
162.45854264018692,137.34558995327103,134.6437280957944,without mask
165.36504088785045,139.6525554906542,136.8291471962617,without mask
174.94570677570093,155.16425963785048,143.46503358644858,without mask
146.81074036214955,126.91953855140187,115.01634053738317,without mask
178.87647488317756,158.8272707359813,147.11815128504674,without mask
124.35402597402597,97.27165945165945,80.44095238095238,without mask
124.6895238095238,96.72025974025973,78.97088023088023,without mask
124.6895238095238,96.72025974025973,78.97088023088023,without mask
124.06790764790765,97.25546897546897,80.41593073593073,without mask
140.34245765186915,113.5948160046729,102.81542786214953,without mask
150.24582359813084,122.18873393691588,111.71857476635515,without mask
117.85751748251748,87.32791375291376,71.83420745920746,without mask
117.85751748251748,87.32791375291376,71.83420745920746,without mask
117.85751748251748,87.32791375291376,71.83420745920746,without mask
139.0509191318452,126.40811095234417,116.13467888313895,without mask
128.77861184058082,114.5499681393373,104.30131014906928,without mask
140.94110604773306,126.52432996060864,115.57612284699158,without mask
112.02565831218274,80.31142925126903,70.17233105964468,without mask
103.99843353426395,72.72406408629442,62.555242703045685,without mask
76.95906461968946,70.81885750690168,74.71739972268372,without mask
152.81771683318075,145.1554551606098,140.4775305496955,without mask
147.35892293083737,121.38734182121195,105.3990901691762,without mask
147.35892293083737,121.38734182121195,105.3990901691762,without mask
145.38873708892893,119.85691723349417,105.2255149894386,without mask
184.75696553738317,171.88434579439252,162.8033878504673,without mask
184.75696553738317,171.88434579439252,162.8033878504673,without mask
183.4592800817757,170.58788697429907,161.43742698598132,without mask
141.38982514880954,130.634765625,121.08699776785714,without mask
141.5390625,130.73089657738095,121.21143973214286,without mask
167.90917056074767,140.80261390186917,134.83092873831777,without mask
167.23982476128472,137.4802992078993,101.82863362630208,without mask
165.3061769859813,140.04601343457944,133.98331629672896,without mask
148.00219555035127,122.92441033790566,124.36572989851679,without mask
148.03813287610126,123.01654678264748,124.35512852682056,without mask
148.01697195271552,122.88521105163377,124.46492695438832,without mask
120.34688732424554,89.63232354895405,71.81750605495542,without mask
102.35217469350137,74.28161704818244,58.6603746034808,without mask
119.19490526406035,89.61610377014746,73.56927029749657,without mask
110.65324931412894,81.22892286093965,64.56156362525721,without mask
120.26462432484568,89.55971364883402,71.74034288194444,without mask
172.4665079752604,142.1899400499132,106.09130995008681,without mask
180.7179443359375,148.45180528428818,110.05465901692709,without mask
141.78550347222222,117.79717339409723,120.4113697193287,without mask
158.97041558159722,132.776220703125,135.1906539351852,without mask
151.46913697429906,126.56210572429906,113.35826518691589,without mask
169.93387120327102,145.1101051401869,131.8585207359813,without mask
83.83815265985808,69.47998441409294,52.660288749436035,without mask
75.92172685595793,70.16648970057336,74.46852710079573,without mask
80.75368114515402,66.94050695213485,50.08168245765145,without mask
83.24449366309831,68.98894631065174,52.20647225298388,without mask
83.83815265985808,69.47998441409294,52.660288749436035,without mask
83.91360075468603,69.51648824904639,52.64029367130142,without mask
171.09408586448598,151.65147488317757,146.66272634345793,without mask
168.2869085864486,149.12664281542055,143.88998977803737,without mask
109.33759833700697,99.6903750694407,95.44456391233446,without mask
75.86893682935056,70.18267897517894,74.42193296940776,without mask
99.07614285970288,89.88819597512679,85.70243535293801,without mask
183.04250146028036,157.9493647780374,156.92923481308412,without mask
184.4408148364486,158.71535484813083,158.24769275700933,without mask
184.4106819509346,158.69279351635515,158.27067757009345,without mask
183.05205899532712,157.83343311915888,156.97099153037382,without mask
184.4106819509346,158.69279351635515,158.27067757009345,without mask
168.1060601635514,145.21525992990655,133.8937719042056,without mask
142.74872225467288,120.45773218457944,108.76144859813084,without mask
73.3575003972668,52.565211345939936,47.15547036389639,without mask
73.1840934371524,52.30343238518989,46.88689814079135,without mask
73.30452486890195,52.4973184490704,47.12068965517241,without mask
73.30452486890195,52.4973184490704,47.12068965517241,without mask
73.3575003972668,52.565211345939936,47.15547036389639,without mask
187.38926065023313,177.17759671541558,171.69513359537868,without mask
209.09983449768455,199.36073139292478,193.57522796352583,without mask
215.31373032670794,204.84785722242557,199.53148522414423,without mask
186.52442750521172,176.320477728799,170.85560718661978,without mask
215.29497207148427,204.85463645188497,199.46598847849265,without mask
124.01917630682091,101.83228531656506,76.26801228819662,without mask
124.79758076129218,101.9183986943791,76.0,without mask
77.07756111576082,70.83064969457735,74.70954242814136,without mask
124.79758076129218,101.9183986943791,76.0,without mask
152.58568195093457,128.54300525700936,127.39564106308411,without mask
166.03500292056074,141.98428738317756,141.71209112149532,without mask
166.03500292056074,141.98428738317756,141.71209112149532,without mask
134.52996351124796,96.78523136936917,104.56629885712407,without mask
145.36786798303766,105.19673244869112,114.1485957857135,without mask
145.79210177403272,104.93445173732482,114.00800999331588,without mask
120.34688732424554,89.63232354895405,71.81750605495542,without mask
113.2072094157236,83.17133380486969,65.89155467678326,without mask
120.34688732424554,89.63232354895405,71.81750605495542,without mask
120.26462432484568,89.55971364883402,71.74034288194444,without mask
119.13146754972566,89.70209351423182,73.54725812328532,without mask
108.47372711187101,104.52595479035368,100.54645221574981,without mask
135.1581542376588,130.3855146225571,123.87075289767192,without mask
133.99170957673115,129.76490586293963,123.92600250501998,without mask
118.77741108173124,114.73683373426907,109.9031988707529,without mask
133.99170957673115,129.76490586293963,123.92600250501998,without mask
193.5163835072032,177.43217088922006,167.74295081967213,without mask
193.59423745653254,177.4439344262295,167.7286438152012,without mask
187.64955787382016,173.133651266766,164.0725484351714,without mask
105.05301587301587,79.51968253968253,63.107215007215004,without mask
123.96655122655123,97.36545454545454,80.62629148629149,without mask
167.50458528037385,147.03786507009346,144.57996495327103,without mask
169.82316734813085,147.52131279205608,145.1476124415888,without mask
167.54267669392524,147.00263580607478,144.63397342289718,without mask
147.53669684579438,126.05470940420561,123.85181074766355,without mask
156.12479556074766,134.30493574766356,132.03214807242992,without mask
170.5518648250607,163.39388210006766,158.48752139473788,without mask
170.58068303944592,163.22915256935875,158.78591330653185,without mask
